@@,itemlabel,item,startdate,enddate
+++,Abdul Karim Khandker,,1972-04-07,1975-10-15
+++,Muhammad Ghulam Tawab,Q16014524,1975-10-15,1976-04-30
+++,Khademul Bashar,Q6398869,1976-05-01,1976-09-01
+++,Abdul Gafoor Mahmud,Q27947569,1976-09-05,1977-12-08
+++,Sadruddin Mohammad Hossain,Q27947566,1977-12-09,1981-07-22
+++,Sultan Mahmud,Q28179433,1981-07-23,1987-07-22
+++,Momtaz Uddin Ahmed,Q27947567,1987-07-23,1991-06-04
+++,Altaf Hossain Chowdhury,Q27916183,1991-06-04,1995-06-03
+++,Jamal Uddin Ahmed,Q27916509,1995-06-04,2001-06-03
+++,Mohammad Rafiqul Islam,Q28225469,2001-06-04,2002-04-08
+++,Fakhrul Azam,Q26132978,2002-04-08,2007-04-07
+++,Shah Mohammad Ziaur Rahman,Q7461312,2007-04-08,2012-06-12
+++,Muhammad Enamul Bari,Q27016832,2012-06-13,2015-06-12
+++,Abu Esrar,Q25587546,2015-06-12,2018-06-12
+++,Masihuzzaman Serniabat,Q55084246,2018-06-12,2021-06-12
