pageid,title
623439,Sheikh Hasina
21617147,Dipu Moni
23209007,Abdul Hamid (politician)
30407612,Yeafesh Osman
37281070,Mustafa Kamal (politician)
38556252,Mohammad Abdur Razzaque
39188156,Shirin Sharmin Chaudhury
40084178,Obaidul Quader
41362743,Mustafa Jabbar
42471587,Hasan Mahmud (politician)
49795840,Fazle Kabir
50511993,Anisul Huq (politician)
51255227,Asaduzzaman Khan
51452685,AK Abdul Momen
51597719,Mozammel Haque (Bangladesh Awami League politician)
51606596,Muhammad Abdul Mannan
51610463,Zahid Maleque
51612854,Ushwe Sing
51621447,Nuruzzaman Ahmed
51621495,Saifuzzaman Chowdhury
52298034,Golam Dastagir Gazi
52924759,Imran Ahmad
53264997,KM Nurul Huda
53320443,Kazi Rakibuddin Ahmad
56843712,Hasan Foez Siddique
58070828,Nurul Majid Mahmud Humayun
58073794,Md. Tajul Islam
59071550,Sadhan Chandra Majumder
59352610,Tipu Munshi
59383815,Md. Nurul Islam Sujon
59467824,Md. Shahab Uddin
61447321,SM Rezaul Karim
61633447,SM Shafiuddin Ahmed
63289964,Serniabat Sadiq Abdullah
63906263,Rashida Hamid
64650687,M Shaheen Iqbal
65529361,AM Amin Uddin
67938271,Shaikh Abdul Hannan
